{"cameraMode":{"drawMode":0,"name":"Shaded","section":"Shading Mode"},"sceneLighting":true,"audioPlay":false,"sceneViewState":{"showFog":true,"showMaterialUpdate":false,"showSkybox":true,"showFlares":true,"showImageEffects":true,"showParticleSystems":true},"in2DMode":false,"pivot":{"x":29.919387817382814,"y":-0.8732285499572754,"z":6.181919097900391},"rotation":{"x":-0.0929979532957077,"y":-0.06327243149280548,"z":0.005918869283050299,"w":-0.9937622547149658},"size":45.77964782714844,"orthographic":false}